test,df,LR,p
Left: add diagnosis group x HPC-VS connectivity,2,0.3887452019748707,0.8233510656878664
Right: add diagnosis-group moderation terms,6,5.9090798510180775,0.43345180334816485
